{
    "items": [
        {
        "name": "Back Door Lock",
        "priority": 0,
        "items": [
            {"name": "Lock the back door", "priority": 1, "action": "bin/lock.sh"},
            {"name": "Unlock the back door", "priority": 2, "action": "bin/unlock.sh"},
            {"name": "Lock state", "priority": 3, "action": "bin/lockstat.sh"},
            {"name": "Delete update file(s)", "priority": 4, "action": "bin/delete.sh"},
            {"name": "Move update file(s)", "priority": 5, "action": "bin/move.sh"}
        ]
        }
    ]
}  
