{
 "comment000": "A trick - KUAL2 ignores top-level keys except 'items' so you can place your comments in numbered 'comment' keys.",
 "comment010": "This add-on expands the KUAL sub-menu. Note that if you have disabled menu collation you will see two KUAL sub-menus. For best results enable menu collation.",
 "comment020": "If extension 'Explorer' is installed in /mnt/us/extensions/explorer this add-on adds an explorer button that RETURNS to KUAL. This is very convenient.",
 "comment030": "A new button allows toggling menu collation",
 "comment040": "A new button allows purging the cache. Most users shouldn't need to ever use this button. Anyway, it is harmless.",
 "comment050": "A new button forces a menu refresh. Again, most users shouldn't need to use this button, which is harmless.",
 "comment060": "This add-on adds a 'Replace/Restore Store button with KUAL' to Touch/PaperWhite models only.",
 "comment999": "Enjoy!  -- stepk",
 "items": [
  {
   "name": "KUAL",
   "priority": -999,
   "items": [
    {
     "name": "Explorer",
     "if": "\"explorer\" -ext",
     "action": "../explorer/bin/explorer.sh",
     "exitmenu": false,
     "status": false,
     "internal": "status Returning from Explorer"
    },
    {
     "name": "Sort menu ABC!",
     "priority": -1,
     "if": "\"sort_mode\" \"ABC!\" -o !",
     "action": "./bin/do.sh set_option sort_mode ABC!",
     "exitmenu": false,
     "checked": true,
     "refresh": true,
     "status": false
    },
    {
     "name": "Sort menu ABC",
     "priority": -1,
     "if": "\"sort_mode\" \"ABC!\" -o",
     "action": "./bin/do.sh set_option sort_mode ABC",
     "exitmenu": false,
     "checked": true,
     "refresh": true,
     "status": false
    },
    {
     "name": "Do not collate menus",
     "if": "\"collate\" \"true\" -o \"collate\" \"\" -o ||",
     "action": "./bin/do.sh toggle_collation",
     "exitmenu": false,
     "checked": true,
     "refresh": true,
     "status": false
    },
    {
     "name": "Collate menus",
     "if": "\"collate\" \"false\" -o",
     "action": "./bin/do.sh toggle_collation",
     "exitmenu": false,
     "checked": true,
     "refresh": true,
     "status": false
    },
    {
     "name": "Purge menu cache",
     "action": "./bin/do.sh purge_KUAL_cache",
     "exitmenu": false,
     "checked": true,
     "status": false,
     "internal": "status Cache purged. You may refresh."
    },
    {
     "name": "Refresh menu",
     "action": ":",
     "exitmenu": false,
     "checked": true,
     "status": false,
     "internal": "status Refreshing the menu...",
     "refresh": true
    },
    {
     "name": "Replace Store button",
     "action": "./bin/do.sh toggle_store_button replace",
     "exitmenu": false,
     "checked": true,
     "status": false,
     "if": "\"/usr/share/webkit-1.0/pillow/javascripts/search_bar.js\" \"app://com.lab126.store\" -gg \"/usr/share/webkit-1.0/pillow/javascripts/search_bar.js.KUAL_bak\" -f ! &&"
    },
    {
     "name": "Restore Store button",
     "action": "./bin/do.sh toggle_store_button restore",
     "exitmenu": false,
     "checked": true,
     "status": false,
     "if": "\"/usr/share/webkit-1.0/pillow/javascripts/search_bar.js\" -f \"/usr/share/webkit-1.0/pillow/javascripts/search_bar.js.KUAL_bak\" -f &&"
    }
   ]
  }
 ]
}
